"기간","날짜","지점","품목","수량","매출원"
2025-09~10,2025-09-01,"EM은평점","데친 문어",52,538276
2025-09~10,2025-09-01,"EM평택점","데친 문어",55,599517
2025-09~10,2025-09-02,"EM은평점","데친 문어",50,478807
2025-09~10,2025-09-02,"EM평택점","데친 문어",47,482626
2025-09~10,2025-09-03,"EM은평점","데친 문어",26,271615
2025-09~10,2025-09-03,"EM평택점","데친 문어",54,579294
2025-09~10,2025-09-04,"EM은평점","데친 문어",58,566959
2025-09~10,2025-09-04,"EM평택점","데친 문어",62,668283
2025-09~10,2025-09-05,"EM은평점","데친 문어",76,753254
2025-09~10,2025-09-05,"EM평택점","데친 문어",77,829776
2025-09~10,2025-09-06,"EM은평점","데친 문어",114,1168809
2025-09~10,2025-09-06,"EM평택점","데친 문어",87,1069445
2025-09~10,2025-09-07,"EM은평점","데친 문어",84,777962
2025-09~10,2025-09-07,"EM평택점","데친 문어",51,618612
2025-09~10,2025-09-08,"EM은평점","데친 문어",49,429499
2025-09~10,2025-09-08,"EM평택점","데친 문어",37,392378
2025-09~10,2025-09-09,"EM은평점","데친 문어",22,218095
2025-09~10,2025-09-09,"EM평택점","데친 문어",25,263481
2025-09~10,2025-09-10,"EM은평점","데친 문어",47,420692
2025-09~10,2025-09-10,"EM평택점","데친 문어",48,446734
2025-09~10,2025-09-11,"EM은평점","데친 문어",45,390385
2025-09~10,2025-09-11,"EM평택점","데친 문어",53,472505
2025-09~10,2025-09-12,"EM은평점","데친 문어",59,558418
2025-09~10,2025-09-12,"EM평택점","데친 문어",62,653206
2025-09~10,2025-09-13,"EM은평점","데친 문어",99,868027
2025-09~10,2025-09-13,"EM평택점","데친 문어",92,1115564
2025-09~10,2025-09-15,"EM평택점","데친 문어",21,263265
2025-09~10,2025-09-18,"EM왕십리점","데친 문어",49,573450
2025-09~10,2025-09-18,"EM죽전점","데친 문어",28,290200
2025-09~10,2025-09-19,"EM왕십리점","데친 문어",95,1023497
2025-09~10,2025-09-19,"EM죽전점","데친 문어",56,611501
2025-09~10,2025-09-20,"EM왕십리점","데친 문어",128,1382635
2025-09~10,2025-09-20,"EM죽전점","데친 문어",96,1136368
2025-09~10,2025-09-21,"EM왕십리점","데친 문어",110,1119672
2025-09~10,2025-09-21,"EM죽전점","데친 문어",66,691607
2025-09~10,2025-09-22,"EM왕십리점","데친 문어",60,569822
2025-09~10,2025-09-22,"EM죽전점","데친 문어",28,266122
2025-09~10,2025-09-23,"EM왕십리점","데친 문어",56,613949
2025-09~10,2025-09-23,"EM죽전점","데친 문어",33,357347
2025-09~10,2025-09-24,"EM왕십리점","데친 문어",33,404729
2025-09~10,2025-09-24,"EM죽전점","데친 문어",27,307808
2025-09~10,2025-09-25,"EM왕십리점","데친 문어",70,687267
2025-09~10,2025-09-25,"EM죽전점","데친 문어",32,374916
2025-09~10,2025-09-26,"EM왕십리점","데친 문어",79,738926
2025-09~10,2025-09-26,"EM죽전점","데친 문어",43,478513
2025-09~10,2025-09-27,"EM왕십리점","데친 문어",124,1235193
2025-09~10,2025-09-27,"EM죽전점","데친 문어",85,971413
2025-09~10,2025-09-29,"EM왕십리점","데친 문어",60,572591
2025-09~10,2025-09-29,"EM죽전점","데친 문어",24,235566
2025-09~10,2025-09-30,"EM왕십리점","데친 문어",215,4706231
2025-09~10,2025-09-30,"EM죽전점","데친 문어",151,2658309
2025-09~10,2025-10-01,"EM왕십리점","데친 문어",202,3606162
2025-09~10,2025-10-01,"EM죽전점","데친 문어",135,2276608
2025-09~10,2025-10-02,"EM왕십리점","데친 문어",126,2024129
2025-09~10,2025-10-02,"EM죽전점","데친 문어",95,1412963
2025-09~10,2025-10-03,"EM왕십리점","데친 문어",244,4605277
2025-09~10,2025-10-03,"EM죽전점","데친 문어",190,2509936
2025-09~10,2025-10-04,"EM왕십리점","데친 문어",281,6047706
2025-09~10,2025-10-04,"EM죽전점","데친 문어",192,2766110
2025-09~10,2025-10-05,"EM왕십리점","데친 문어",287,5341207
2025-09~10,2025-10-05,"EM죽전점","데친 문어",168,2721711
2025-09~10,2025-10-06,"EM왕십리점","데친 문어",99,1062412
2025-09~10,2025-10-06,"EM죽전점","데친 문어",78,768619
2025-09~10,2025-10-07,"EM왕십리점","데친 문어",89,955347
2025-09~10,2025-10-07,"EM죽전점","데친 문어",84,850511
2025-09~10,2025-10-08,"EM왕십리점","데친 문어",52,539717
2025-09~10,2025-10-08,"EM죽전점","데친 문어",77,789937
2025-09~10,2025-10-10,"EM왕십리점","데친 문어",58,566937
2025-09~10,2025-10-10,"EM죽전점","데친 문어",48,487595
2025-09~10,2025-10-11,"EM왕십리점","데친 문어",109,1193949
2025-09~10,2025-10-11,"EM죽전점","데친 문어",114,1051586
2025-09~10,2025-10-16,"EM성남점","데친 문어",44,404316
2025-09~10,2025-10-16,"EM월계점","데친 문어",28,307333
2025-09~10,2025-10-17,"EM성남점","데친 문어",63,590523
2025-09~10,2025-10-17,"EM월계점","데친 문어",53,514820
2025-09~10,2025-10-18,"EM성남점","데친 문어",124,1155966
2025-09~10,2025-10-18,"EM월계점","데친 문어",115,1202996
2025-09~10,2025-10-19,"EM성남점","데친 문어",75,741910
2025-09~10,2025-10-19,"EM월계점","데친 문어",78,746670
2025-09~10,2025-10-20,"EM성남점","데친 문어",48,450265
2025-09~10,2025-10-20,"EM월계점","데친 문어",24,218107
2025-09~10,2025-10-21,"EM성남점","데친 문어",33,312370
2025-09~10,2025-10-21,"EM월계점","데친 문어",29,265733
2025-09~10,2025-10-23,"EM성남점","데친 문어",40,352267
2025-09~10,2025-10-23,"EM월계점","데친 문어",33,307972
2025-09~10,2025-10-24,"EM성남점","데친 문어",60,540487
2025-09~10,2025-10-24,"EM월계점","데친 문어",53,476078
2025-09~10,2025-10-25,"EM성남점","데친 문어",131,1219485
2025-09~10,2025-10-25,"EM월계점","데친 문어",82,810823
2025-09~10,2025-10-27,"EMF고덕점","데친 문어",3,50828
2025-09~10,2025-10-27,"EM성남점","데친 문어",43,402420
2025-09~10,2025-10-27,"EM월계점","데친 문어",30,271682
2025-09~10,2025-10-28,"EM성남점","데친 문어",31,294828
2025-09~10,2025-10-28,"EM월계점","데친 문어",29,274930
2025-09~10,2025-10-29,"EMF고덕점","데친 문어",2,26726
2025-09~10,2025-10-29,"EM성남점","데친 문어",32,276279
2025-09~10,2025-10-29,"EM월계점","데친 문어",25,214573
2025-09~10,2025-10-30,"EMF고덕점","데친 문어",1,16011
2025-09~10,2025-10-30,"EM성남점","데친 문어",27,264237
2025-09~10,2025-10-30,"EM월계점","데친 문어",62,546276
2025-09~10,2025-10-31,"EMF고덕점","데친 문어",2,33423
2025-09~10,2025-10-31,"EM성남점","데친 문어",30,274699
2025-09~10,2025-10-31,"EM월계점","데친 문어",73,721314
2026-01~08-29,2026-01-01,"EMF고덕점","데친 문어",4,92293
2026-01~08-29,2026-01-02,"EMF고덕점","데친 문어",1,20471
2026-01~08-29,2026-01-05,STORE_CODE:1142,"데친 문어",1,20560
2026-01~08-29,2026-01-06,"EMF고덕점","데친 문어",3,55762
2026-01~08-29,2026-01-08,"EM죽전점","갑오징어무침",37,332393
2026-01~08-29,2026-01-08,"EM죽전점","데친 문어",39,339159
2026-01~08-29,2026-01-09,"EMF고덕점","데친 문어",1,20689
2026-01~08-29,2026-01-09,"EM죽전점","갑오징어무침",37,377324
2026-01~08-29,2026-01-09,"EM죽전점","데친 문어",83,910154
2026-01~08-29,2026-01-10,"EMF고덕점","데친 문어",3,62468
2026-01~08-29,2026-01-10,"EM죽전점","갑오징어무침",38,359915
2026-01~08-29,2026-01-10,"EM죽전점","데친 문어",138,1671516
2026-01~08-29,2026-01-12,"EMF고덕점","데친 문어",1,27442
2026-01~08-29,2026-01-12,"EM죽전점","갑오징어무침",17,172034
2026-01~08-29,2026-01-12,"EM죽전점","데친 문어",44,482865
2026-01~08-29,2026-01-13,"EMF고덕점","데친 문어",1,18805
2026-01~08-29,2026-01-13,"EM죽전점","갑오징어무침",10,94114
2026-01~08-29,2026-01-13,"EM죽전점","데친 문어",56,610156
2026-01~08-29,2026-01-14,"EM죽전점","갑오징어무침",33,308324
2026-01~08-29,2026-01-14,"EM죽전점","데친 문어",52,546949
2026-01~08-29,2026-01-15,"EM죽전점","갑오징어무침",17,144241
2026-01~08-29,2026-01-15,"EM죽전점","데친 문어",49,516488
2026-01~08-29,2026-01-16,"EMF고덕점","데친 문어",1,16446
2026-01~08-29,2026-01-16,"EM죽전점","갑오징어무침",18,188971
2026-01~08-29,2026-01-16,"EM죽전점","데친 문어",76,886757
2026-01~08-29,2026-01-17,"EMF고덕점","데친 문어",2,44814
2026-01~08-29,2026-01-17,"EM죽전점","갑오징어무침",19,186618
2026-01~08-29,2026-01-17,"EM죽전점","데친 문어",111,1272444
2026-01~08-29,2026-01-18,"EM죽전점","갑오징어무침",23,224234
2026-01~08-29,2026-01-18,"EM죽전점","데친 문어",97,1082653
2026-01~08-29,2026-01-19,"EM죽전점","갑오징어무침",8,74646
2026-01~08-29,2026-01-19,"EM죽전점","데친 문어",45,435976
2026-01~08-29,2026-01-20,"EM죽전점","갑오징어무침",3,28029
2026-01~08-29,2026-01-20,"EM죽전점","데친 문어",46,442487
2026-01~08-29,2026-01-21,"EM죽전점","갑오징어무침",19,161003
2026-01~08-29,2026-01-21,"EM죽전점","데친 문어",50,545726
2026-01~08-29,2026-01-22,"EMF고덕점","데친 문어",1,15617
2026-01~08-29,2026-01-22,"EM죽전점","갑오징어무침",10,81085
2026-01~08-29,2026-01-22,"EM죽전점","데친 문어",45,439693
2026-01~08-29,2026-01-23,"EM죽전점","갑오징어무침",24,235064
2026-01~08-29,2026-01-23,"EM죽전점","데친 문어",69,749980
2026-01~08-29,2026-01-24,"EMF고덕점","데친 문어",3,74019
2026-01~08-29,2026-01-24,"EM죽전점","갑오징어무침",37,389768
2026-01~08-29,2026-01-24,"EM죽전점","데친 문어",123,1382284
2026-01~08-29,2026-01-26,"EMF고덕점","데친 문어",1,14893
2026-01~08-29,2026-01-26,"EM죽전점","갑오징어무침",19,158806
2026-01~08-29,2026-01-26,"EM죽전점","데친 문어",37,390377
2026-01~08-29,2026-01-27,"EMF고덕점","데친 문어",1,19409
2026-01~08-29,2026-01-27,"EM죽전점","갑오징어무침",9,84012
2026-01~08-29,2026-01-27,"EM죽전점","데친 문어",39,399427
2026-01~08-29,2026-01-28,"EM죽전점","갑오징어무침",10,84304
2026-01~08-29,2026-01-28,"EM죽전점","데친 문어",41,390903
2026-01~08-29,2026-01-29,"EM죽전점","갑오징어무침",13,123383
2026-01~08-29,2026-01-29,"EM죽전점","데친 문어",55,489535
2026-01~08-29,2026-01-30,"EMF고덕점","데친 문어",1,14973
2026-01~08-29,2026-01-30,"EM죽전점","갑오징어무침",15,133922
2026-01~08-29,2026-01-30,"EM죽전점","데친 문어",90,825794
2026-01~08-29,2026-01-31,"EMF고덕점","데친 문어",4,102348
2026-01~08-29,2026-01-31,"EM죽전점","갑오징어무침",35,422407
2026-01~08-29,2026-01-31,"EM죽전점","데친 문어",115,1209376
2026-01~08-29,2026-02-01,"EMF고덕점","데친 문어",1,22588
2026-01~08-29,2026-02-01,"EM죽전점","갑오징어무침",26,239154
2026-01~08-29,2026-02-01,"EM죽전점","데친 문어",93,919278
2026-01~08-29,2026-02-02,"EMF고덕점","데친 문어",2,44203
2026-01~08-29,2026-02-03,"EMF고덕점","데친 문어",2,32732
2026-01~08-29,2026-02-05,"EMF고덕점","데친 문어",2,34318
2026-01~08-29,2026-02-05,"EM왕십리점","갑오징어무침",16,134362
2026-01~08-29,2026-02-05,"EM왕십리점","데친 문어",53,537249
2026-01~08-29,2026-02-06,"EM왕십리점","갑오징어무침",20,172343
2026-01~08-29,2026-02-06,"EM왕십리점","데친 문어",94,962700
2026-01~08-29,2026-02-07,"EMF고덕점","데친 문어",5,90997
2026-01~08-29,2026-02-07,"EM왕십리점","갑오징어무침",18,172934
2026-01~08-29,2026-02-07,"EM왕십리점","데친 문어",122,1286643
2026-01~08-29,2026-02-09,"EM왕십리점","갑오징어무침",10,93675
2026-01~08-29,2026-02-09,"EM왕십리점","데친 문어",50,534514
2026-01~08-29,2026-02-10,"EMF고덕점","데친 문어",1,16003
2026-01~08-29,2026-02-10,"EM왕십리점","갑오징어무침",7,67182
2026-01~08-29,2026-02-10,"EM왕십리점","데친 문어",63,550322
2026-01~08-29,2026-02-11,"EMF고덕점","데친 문어",1,23667
2026-01~08-29,2026-02-11,"EM왕십리점","갑오징어무침",23,186613
2026-01~08-29,2026-02-11,"EM왕십리점","데친 문어",61,649274
2026-01~08-29,2026-02-12,"EMF고덕점","데친 문어",1,15255
2026-01~08-29,2026-02-12,"EM왕십리점","갑오징어무침",10,86209
2026-01~08-29,2026-02-12,"EM왕십리점","데친 문어",35,272437
2026-01~08-29,2026-02-13,"EMF고덕점","데친 문어",5,82834
2026-01~08-29,2026-02-13,"EM왕십리점","갑오징어무침",11,92943
2026-01~08-29,2026-02-13,"EM왕십리점","데친 문어",86,715645
2026-01~08-29,2026-02-14,"EMF고덕점","데친 문어",23,396449
2026-01~08-29,2026-02-14,"EM왕십리점","갑오징어무침",17,163640
2026-01~08-29,2026-02-14,"EM왕십리점","데친 문어",138,1160118
2026-01~08-29,2026-02-15,"EMF고덕점","데친 문어",27,576018
2026-01~08-29,2026-02-15,"EM왕십리점","갑오징어무침",15,141097
2026-01~08-29,2026-02-15,"EM왕십리점","데친 문어",136,1104549
2026-01~08-29,2026-02-16,"EMF고덕점","데친 문어",8,178556
2026-01~08-29,2026-02-16,"EM왕십리점","갑오징어무침",12,117823
2026-01~08-29,2026-02-16,"EM왕십리점","데친 문어",146,1284112
2026-01~08-29,2026-02-17,"EMF고덕점","데친 문어",2,39365
2026-01~08-29,2026-02-17,"EM왕십리점","갑오징어무침",12,103407
2026-01~08-29,2026-02-17,"EM왕십리점","데친 문어",85,718487
2026-01~08-29,2026-02-18,"EMF고덕점","데친 문어",19,219601
2026-01~08-29,2026-02-18,"EM왕십리점","갑오징어무침",31,247355
2026-01~08-29,2026-02-18,"EM왕십리점","데친 문어",42,368006
2026-01~08-29,2026-02-19,"EMF고덕점","데친 문어",3,58693
2026-01~08-29,2026-02-19,"EM왕십리점","갑오징어무침",4,37323
2026-01~08-29,2026-02-19,"EM왕십리점","데친 문어",58,451502
2026-01~08-29,2026-02-20,"EMF고덕점","데친 문어",5,98540
2026-01~08-29,2026-02-20,"EM왕십리점","갑오징어무침",14,133104
2026-01~08-29,2026-02-20,"EM왕십리점","데친 문어",95,885637
2026-01~08-29,2026-02-21,"EMF고덕점","데친 문어",5,96295
2026-01~08-29,2026-02-21,"EM왕십리점","갑오징어무침",8,59714
2026-01~08-29,2026-02-21,"EM왕십리점","데친 문어",100,977544
2026-01~08-29,2026-02-23,"EMF고덕점","데친 문어",2,38005
2026-01~08-29,2026-02-24,"EMF고덕점","데친 문어",4,64706
2026-01~08-29,2026-02-25,"EMF고덕점","데친 문어",3,39936
2026-01~08-29,2026-02-26,"EMF고덕점","데친 문어",1,14192
2026-01~08-29,2026-02-26,"EM용산점","갑오징어무침",6,56352
2026-01~08-29,2026-02-26,"EM용산점","데친 문어",87,1076817
2026-01~08-29,2026-02-27,"EMF고덕점","데친 문어",4,59249
2026-01~08-29,2026-02-27,"EM용산점","갑오징어무침",6,57815
2026-01~08-29,2026-02-27,"EM용산점","데친 문어",137,1366771
2026-01~08-29,2026-02-28,"EMF고덕점","데친 문어",6,116572
2026-01~08-29,2026-02-28,"EM용산점","갑오징어무침",19,180027
2026-01~08-29,2026-02-28,"EM용산점","데친 문어",164,1641765
2026-01~08-29,2026-03-01,"EMF고덕점","데친 문어",8,169018
2026-01~08-29,2026-03-01,"EM용산점","갑오징어무침",7,68791
2026-01~08-29,2026-03-01,"EM용산점","데친 문어",173,1666601
2026-01~08-29,2026-03-02,"EMF고덕점","데친 문어",5,75702
2026-01~08-29,2026-03-02,"EM용산점","갑오징어무침",7,68060
2026-01~08-29,2026-03-02,"EM용산점","데친 문어",127,1149720
2026-01~08-29,2026-03-03,"EMF고덕점","데친 문어",3,32554
2026-01~08-29,2026-03-03,"EM용산점","갑오징어무침",7,65865
2026-01~08-29,2026-03-03,"EM용산점","데친 문어",68,592400
2026-01~08-29,2026-03-04,"EM용산점","갑오징어무침",6,57084
2026-01~08-29,2026-03-04,"EM용산점","데친 문어",72,619182
2026-01~08-29,2026-03-05,"EM용산점","갑오징어무침",1,10245
2026-01~08-29,2026-03-05,"EM용산점","데친 문어",98,891135
2026-01~08-29,2026-03-06,"EM용산점","갑오징어무침",8,76109
2026-01~08-29,2026-03-06,"EM용산점","데친 문어",129,1345711
2026-01~08-29,2026-03-07,"EMF고덕점","데친 문어",7,163673
2026-01~08-29,2026-03-07,"EM용산점","갑오징어무침",5,51812
2026-01~08-29,2026-03-07,"EM용산점","데친 문어",211,2206681
2026-01~08-29,2026-03-09,"EMF고덕점","데친 문어",2,43317
2026-01~08-29,2026-03-09,"EM용산점","갑오징어무침",5,51225
2026-01~08-29,2026-03-09,"EM용산점","데친 문어",77,710260
2026-01~08-29,2026-03-11,"EMF고덕점","데친 문어",1,22146
2026-01~08-29,2026-03-11,"EM용산점","갑오징어무침",2,17564
2026-01~08-29,2026-03-11,"EM용산점","데친 문어",74,720252
2026-01~08-29,2026-03-12,"EM용산점","갑오징어무침",6,53423
2026-01~08-29,2026-03-12,"EM용산점","데친 문어",75,781142
2026-01~08-29,2026-03-13,"EMF고덕점","데친 문어",3,59659
2026-01~08-29,2026-03-13,"EM용산점","갑오징어무침",9,83430
2026-01~08-29,2026-03-13,"EM용산점","데친 문어",106,1092942
2026-01~08-29,2026-03-14,"EMF고덕점","데친 문어",4,82311
2026-01~08-29,2026-03-14,"EM용산점","갑오징어무침",3,29273
2026-01~08-29,2026-03-14,"EM용산점","데친 문어",178,1852427
2026-01~08-29,2026-03-15,"EMF고덕점","데친 문어",2,41200
2026-01~08-29,2026-03-15,"EM용산점","갑오징어무침",10,96602
2026-01~08-29,2026-03-15,"EM용산점","데친 문어",148,1430180
2026-01~08-29,2026-03-16,"EM용산점","갑오징어무침",3,28541
2026-01~08-29,2026-03-16,"EM용산점","데친 문어",70,660608
2026-01~08-29,2026-03-17,"EMF고덕점","데친 문어",1,18443
2026-01~08-29,2026-03-17,"EM용산점","갑오징어무침",4,39373
2026-01~08-29,2026-03-17,"EM용산점","데친 문어",50,451462
2026-01~08-29,2026-03-18,"EMF고덕점","데친 문어",3,58234
2026-01~08-29,2026-03-19,"EMF고덕점","데친 문어",1,20648
2026-01~08-29,2026-03-19,"EM은평점","갑오징어무침",8,82547
2026-01~08-29,2026-03-19,"EM은평점","데친 문어",47,443855
2026-01~08-29,2026-03-20,"EMF고덕점","데친 문어",2,41643
2026-01~08-29,2026-03-20,"EM은평점","갑오징어무침",8,80498
2026-01~08-29,2026-03-20,"EM은평점","데친 문어",112,1086856
2026-01~08-29,2026-03-21,"EMF고덕점","데친 문어",2,38383
2026-01~08-29,2026-03-21,"EM은평점","갑오징어무침",5,51225
2026-01~08-29,2026-03-21,"EM은평점","데친 문어",182,1678369
2026-01~08-29,2026-03-23,"EMF고덕점","데친 문어",1,14997
2026-01~08-29,2026-03-23,"EM은평점","데친 문어",68,727060
2026-01~08-29,2026-03-24,"EM은평점","데친 문어",62,614521
2026-01~08-29,2026-03-25,"EMF고덕점","데친 문어",1,15045
2026-01~08-29,2026-03-25,"EM은평점","데친 문어",58,559488
2026-01~08-29,2026-03-26,"EMF고덕점","데친 문어",1,19763
2026-01~08-29,2026-03-26,"EM은평점","데친 문어",62,598844
2026-01~08-29,2026-03-27,"EMF고덕점","데친 문어",2,29567
2026-01~08-29,2026-03-27,"EM은평점","데친 문어",114,1120222
2026-01~08-29,2026-03-28,"EMF고덕점","데친 문어",2,29278
2026-01~08-29,2026-03-28,"EM은평점","데친 문어",167,1715159
2026-01~08-29,2026-03-29,"EMF고덕점","데친 문어",3,47760
2026-01~08-29,2026-03-29,"EM은평점","데친 문어",132,1318253
2026-01~08-29,2026-03-30,"EM은평점","데친 문어",73,651093
2026-01~08-29,2026-03-31,"EM은평점","갑오징어무침",4,30005
2026-01~08-29,2026-03-31,"EM은평점","데친 문어",71,663270
2026-01~08-29,2026-04-01,"EM은평점","갑오징어무침",5,39517
2026-01~08-29,2026-04-01,"EM은평점","데친 문어",62,758152
2026-01~08-29,2026-04-02,"EM은평점","갑오징어무침",5,39517
2026-01~08-29,2026-04-02,"EM은평점","데친 문어",88,837743
2026-01~08-29,2026-04-03,"EM은평점","갑오징어무침",3,27077
2026-01~08-29,2026-04-03,"EM은평점","데친 문어",100,1053117
2026-01~08-29,2026-04-04,"EMF고덕점","데친 문어",4,73206
2026-01~08-29,2026-04-04,"EM은평점","갑오징어무침",5,43910
2026-01~08-29,2026-04-04,"EM은평점","데친 문어",146,1491658
2026-01~08-29,2026-04-05,"EMF고덕점","데친 문어",3,51488
2026-01~08-29,2026-04-05,"EM은평점","갑오징어무침",3,27810
2026-01~08-29,2026-04-05,"EM은평점","데친 문어",141,1404645
2026-01~08-29,2026-04-06,"EMF고덕점","데친 문어",1,18708
2026-01~08-29,2026-04-08,"EMF고덕점","데친 문어",1,14088
2026-01~08-29,2026-04-09,"EM왕십리점","갑오징어무침",4,32932
2026-01~08-29,2026-04-09,"EM왕십리점","데친 문어",88,845527
2026-01~08-29,2026-04-10,"EMF고덕점","데친 문어",1,22146
2026-01~08-29,2026-04-10,"EM왕십리점","갑오징어무침",3,25614
2026-01~08-29,2026-04-10,"EM왕십리점","데친 문어",177,1630195
2026-01~08-29,2026-04-11,"EMF고덕점","데친 문어",4,95795
2026-01~08-29,2026-04-11,"EM왕십리점","갑오징어무침",6,54155
2026-01~08-29,2026-04-11,"EM왕십리점","데친 문어",218,2070330
2026-01~08-29,2026-04-13,"EM왕십리점","갑오징어무침",4,33664
2026-01~08-29,2026-04-13,"EM왕십리점","데친 문어",113,1102232
2026-01~08-29,2026-04-14,"EM왕십리점","갑오징어무침",4,34395
2026-01~08-29,2026-04-14,"EM왕십리점","데친 문어",72,652054
2026-01~08-29,2026-04-15,"EM왕십리점","갑오징어무침",2,16100
2026-01~08-29,2026-04-15,"EM왕십리점","데친 문어",118,1138344
2026-01~08-29,2026-04-16,"EMF고덕점","데친 문어",0,14
2026-01~08-29,2026-04-16,"EM왕십리점","갑오징어무침",4,27
2026-01~08-29,2026-04-16,"EM왕십리점","데친 문어",72,858
2026-01~08-29,2026-04-16,"EM은평점","갑오징어무침",0,21
2026-01~08-29,2026-04-16,"EM은평점","데친 문어",0,537
2026-01~08-29,2026-04-17,"EMF고덕점","데친 문어",2,29205
2026-01~08-29,2026-04-17,"EM왕십리점","갑오징어무침",6,46835
2026-01~08-29,2026-04-17,"EM왕십리점","데친 문어",117,1064452
2026-01~08-29,2026-04-18,"EMF고덕점","데친 문어",4,82022
2026-01~08-29,2026-04-18,"EM왕십리점","갑오징어무침",6,54156
2026-01~08-29,2026-04-18,"EM왕십리점","데친 문어",193,1875924
2026-01~08-29,2026-04-19,"EMF고덕점","데친 문어",3,39671
2026-01~08-29,2026-04-19,"EM왕십리점","갑오징어무침",6,56937
2026-01~08-29,2026-04-19,"EM왕십리점","데친 문어",138,1179553
2026-01~08-29,2026-04-20,"EMF고덕점","데친 문어",1,13146
2026-01~08-29,2026-04-20,"EM왕십리점","갑오징어무침",2,14636
2026-01~08-29,2026-04-20,"EM왕십리점","데친 문어",90,830124
2026-01~08-29,2026-04-21,"EMF고덕점","데친 문어",2,22412
2026-01~08-29,2026-04-21,"EM왕십리점","갑오징어무침",3,21954
2026-01~08-29,2026-04-21,"EM왕십리점","데친 문어",78,719918
2026-01~08-29,2026-04-22,"EM왕십리점","갑오징어무침",2,14636
2026-01~08-29,2026-04-22,"EM왕십리점","데친 문어",95,1009874
2026-01~08-29,2026-04-23,"EMF고덕점","데친 문어",1,11946
2026-01~08-29,2026-04-23,"EM왕십리점","갑오징어무침",4,33517
2026-01~08-29,2026-04-23,"EM왕십리점","데친 문어",59,536400
2026-01~08-29,2026-04-24,"EMF고덕점","데친 문어",3,33915
2026-01~08-29,2026-04-24,"EM왕십리점","갑오징어무침",4,35860
2026-01~08-29,2026-04-24,"EM왕십리점","데친 문어",126,1214376
2026-01~08-29,2026-04-25,"EMF고덕점","데친 문어",7,110213
2026-01~08-29,2026-04-25,"EM왕십리점","갑오징어무침",4,34395
2026-01~08-29,2026-04-25,"EM왕십리점","데친 문어",155,1444019
2026-01~08-29,2026-04-27,"EMF고덕점","데친 문어",1,19320
2026-01~08-29,2026-04-29,"EMF고덕점","데친 문어",2,35356
2026-01~08-29,2026-04-30,"EMF고덕점","데친 문어",3,48969
2026-01~08-29,2026-04-30,"EM자양점","갑오징어무침",4,35859
2026-01~08-29,2026-04-30,"EM자양점","데친 문어",139,1261598
2026-01~08-29,2026-05-01,"EMF고덕점","데친 문어",5,102179
2026-01~08-29,2026-05-01,"EM자양점","갑오징어무침",6,54155
2026-01~08-29,2026-05-01,"EM자양점","데친 문어",185,1879516
2026-01~08-29,2026-05-02,"EMF고덕점","데친 문어",4,71461
2026-01~08-29,2026-05-02,"EM자양점","갑오징어무침",4,36591
2026-01~08-29,2026-05-02,"EM자양점","데친 문어",165,1500080
2026-01~08-29,2026-05-03,"EMF고덕점","데친 문어",8,121039
2026-01~08-29,2026-05-03,"EM자양점","갑오징어무침",2,17564
2026-01~08-29,2026-05-03,"EM자양점","데친 문어",134,1300986
2026-01~08-29,2026-05-04,"EMF고덕점","데친 문어",4,55964
2026-01~08-29,2026-05-04,"EM자양점","갑오징어무침",5,38786
2026-01~08-29,2026-05-04,"EM자양점","데친 문어",96,963523
2026-01~08-29,2026-05-05,"EM자양점","갑오징어무침",10,81964
2026-01~08-29,2026-05-05,"EM자양점","데친 문어",95,869434
2026-01~08-29,2026-05-06,"EM자양점","갑오징어무침",6,52692
2026-01~08-29,2026-05-06,"EM자양점","데친 문어",86,832371
2026-01~08-29,2026-05-07,"EM자양점","갑오징어무침",7,60596
2026-01~08-29,2026-05-07,"EM자양점","데친 문어",97,1089288
2026-01~08-29,2026-05-08,"EMF고덕점","데친 문어",2,22016
2026-01~08-29,2026-05-08,"EM자양점","갑오징어무침",12,104505
2026-01~08-29,2026-05-08,"EM자양점","데친 문어",144,1453372
2026-01~08-29,2026-05-09,"EMF고덕점","데친 문어",8,108731
2026-01~08-29,2026-05-09,"EM자양점","갑오징어무침",14,128657
2026-01~08-29,2026-05-09,"EM자양점","데친 문어",218,2175729
2026-01~08-29,2026-05-11,"EMF고덕점","데친 문어",1,13709
2026-01~08-29,2026-05-11,"EM자양점","갑오징어무침",5,37322
2026-01~08-29,2026-05-11,"EM자양점","데친 문어",100,999256
2026-01~08-29,2026-05-12,"EM자양점","갑오징어무침",8,70256
2026-01~08-29,2026-05-12,"EM자양점","데친 문어",77,708848
2026-01~08-29,2026-05-13,"EMF고덕점","데친 문어",1,13387
2026-01~08-29,2026-05-13,"EM자양점","갑오징어무침",7,61474
2026-01~08-29,2026-05-13,"EM자양점","데친 문어",100,1069845
2026-01~08-29,2026-05-14,"EMF고덕점","데친 문어",1,19087
2026-01~08-29,2026-05-14,"EM자양점","갑오징어무침",6,58545
2026-01~08-29,2026-05-14,"EM자양점","데친 문어",77,776918
2026-01~08-29,2026-05-15,"EMF고덕점","데친 문어",2,27064
2026-01~08-29,2026-05-15,"EM자양점","갑오징어무침",10,86209
2026-01~08-29,2026-05-15,"EM자양점","데친 문어",129,1279573
2026-01~08-29,2026-05-16,"EMF고덕점","데친 문어",4,71018
2026-01~08-29,2026-05-16,"EM자양점","갑오징어무침",9,83282
2026-01~08-29,2026-05-16,"EM자양점","데친 문어",185,1991426
2026-01~08-29,2026-05-17,"EMF고덕점","데친 문어",1,21002
2026-01~08-29,2026-05-17,"EM자양점","갑오징어무침",6,46835
2026-01~08-29,2026-05-17,"EM자양점","데친 문어",123,1234444
2026-01~08-29,2026-05-18,"EMF고덕점","데친 문어",1,18620
2026-01~08-29,2026-05-21,"EM별내점","갑오징어무침",6,48299
2026-01~08-29,2026-05-21,"EM별내점","데친 문어",50,485415
2026-01~08-29,2026-05-22,"EMF고덕점","데친 문어",1,22943
2026-01~08-29,2026-05-22,"EM별내점","갑오징어무침",7,51226
2026-01~08-29,2026-05-22,"EM별내점","데친 문어",83,731286
2026-01~08-29,2026-05-23,"EMF고덕점","데친 문어",5,87472
2026-01~08-29,2026-05-23,"EM별내점","갑오징어무침",5,45373
2026-01~08-29,2026-05-23,"EM별내점","데친 문어",142,1435524
2026-01~08-29,2026-05-25,"EMF고덕점","데친 문어",3,62815
2026-01~08-29,2026-05-25,"EM별내점","갑오징어무침",4,32200
2026-01~08-29,2026-05-25,"EM별내점","데친 문어",105,1040149
2026-01~08-29,2026-05-26,"EM별내점","갑오징어무침",7,60009
2026-01~08-29,2026-05-26,"EM별내점","데친 문어",44,375935
2026-01~08-29,2026-05-27,"EMF고덕점","데친 문어",1,17911
2026-01~08-29,2026-05-28,"EM별내점","갑오징어무침",4,29272
2026-01~08-29,2026-05-28,"EM별내점","데친 문어",64,734256
2026-01~08-29,2026-05-29,"EMF고덕점","데친 문어",2,39880
2026-01~08-29,2026-05-29,"EM별내점","갑오징어무침",5,38054
2026-01~08-29,2026-05-29,"EM별내점","데친 문어",101,1077212
2026-01~08-29,2026-05-30,"EMF고덕점","데친 문어",5,99345
2026-01~08-29,2026-05-30,"EM별내점","갑오징어무침",11,87671
2026-01~08-29,2026-05-30,"EM별내점","데친 문어",138,1381824
2026-01~08-29,2026-05-31,"EMF고덕점","데친 문어",2,42351
2026-01~08-29,2026-05-31,"EM별내점","갑오징어무침",6,51228
2026-01~08-29,2026-05-31,"EM별내점","데친 문어",103,1010147
2026-01~08-29,2026-06-01,"EMF고덕점","데친 문어",1,15528
2026-01~08-29,2026-06-01,"EM별내점","갑오징어무침",7,51226
2026-01~08-29,2026-06-01,"EM별내점","데친 문어",55,496154
2026-01~08-29,2026-06-02,"EMF고덕점","데친 문어",1,20383
2026-01~08-29,2026-06-02,"EM별내점","갑오징어무침",6,43908
2026-01~08-29,2026-06-02,"EM별내점","데친 문어",72,721683
2026-01~08-29,2026-06-03,"EMF고덕점","데친 문어",7,96600
2026-01~08-29,2026-06-03,"EM별내점","갑오징어무침",4,30736
2026-01~08-29,2026-06-03,"EM별내점","데친 문어",124,1383980
2026-01~08-29,2026-06-04,"EMF고덕점","데친 문어",3,60262
2026-01~08-29,2026-06-04,"EM별내점","갑오징어무침",6,43908
2026-01~08-29,2026-06-04,"EM별내점","데친 문어",66,614103
2026-01~08-29,2026-06-05,"EMF고덕점","데친 문어",1,22500
2026-01~08-29,2026-06-05,"EM별내점","갑오징어무침",6,45372
2026-01~08-29,2026-06-05,"EM별내점","데친 문어",104,1077694
2026-01~08-29,2026-06-06,"EMF고덕점","데친 문어",12,235310
2026-01~08-29,2026-06-06,"EM별내점","갑오징어무침",8,65863
2026-01~08-29,2026-06-06,"EM별내점","데친 문어",153,1551775
2026-01~08-29,2026-06-07,"EMF고덕점","데친 문어",8,114872
2026-01~08-29,2026-06-07,"EM별내점","갑오징어무침",4,32200
2026-01~08-29,2026-06-07,"EM별내점","데친 문어",100,938139
2026-01~08-29,2026-06-08,"EMF고덕점","데친 문어",1,21880
2026-01~08-29,2026-06-09,"EMF고덕점","데친 문어",1,20648
2026-01~08-29,2026-06-10,"EMF고덕점","데친 문어",1,8823
2026-01~08-29,2026-06-11,"EMF고덕점","데친 문어",4,50909
2026-01~08-29,2026-06-11,"EM은평점","갑오징어무침",6,49617
2026-01~08-29,2026-06-11,"EM은평점","데친 문어",101,995487
2026-01~08-29,2026-06-12,"EMF고덕점","데친 문어",2,33005
2026-01~08-29,2026-06-12,"EM은평점","갑오징어무침",7,54154
2026-01~08-29,2026-06-12,"EM은평점","데친 문어",107,1048616
2026-01~08-29,2026-06-13,"EMF고덕점","데친 문어",2,42793
2026-01~08-29,2026-06-13,"EM은평점","갑오징어무침",9,77574
2026-01~08-29,2026-06-13,"EM은평점","데친 문어",189,2083073
2026-01~08-29,2026-06-15,"EM은평점","갑오징어무침",5,40835
2026-01~08-29,2026-06-15,"EM은평점","데친 문어",78,764541
2026-01~08-29,2026-06-16,"EM은평점","갑오징어무침",7,54154
2026-01~08-29,2026-06-16,"EM은평점","데친 문어",83,797313
2026-01~08-29,2026-06-17,"EM은평점","갑오징어무침",9,65862
2026-01~08-29,2026-06-17,"EM은평점","데친 문어",67,774049
2026-01~08-29,2026-06-18,"EM신월점","데친 문어",1,8694
2026-01~08-29,2026-06-18,"EM은평점","갑오징어무침",2,14636
2026-01~08-29,2026-06-18,"EM은평점","데친 문어",64,609732
2026-01~08-29,2026-06-19,"EM신월점","데친 문어",4,34133
2026-01~08-29,2026-06-19,"EM은평점","갑오징어무침",11,80498
2026-01~08-29,2026-06-19,"EM은평점","데친 문어",92,924188
2026-01~08-29,2026-06-20,"EM신월점","데친 문어",7,65688
2026-01~08-29,2026-06-20,"EM은평점","갑오징어무침",7,56935
2026-01~08-29,2026-06-20,"EM은평점","데친 문어",171,1778897
2026-01~08-29,2026-06-21,"EM신월점","데친 문어",8,67942
2026-01~08-29,2026-06-21,"EM은평점","갑오징어무침",4,30736
2026-01~08-29,2026-06-21,"EM은평점","데친 문어",120,1162605
2026-01~08-29,2026-06-22,"EM신월점","데친 문어",5,37272
2026-01~08-29,2026-06-22,"EM은평점","갑오징어무침",5,38054
2026-01~08-29,2026-06-22,"EM은평점","데친 문어",71,663378
2026-01~08-29,2026-06-23,"EM신월점","데친 문어",3,24553
2026-01~08-29,2026-06-23,"EM은평점","갑오징어무침",4,29272
2026-01~08-29,2026-06-23,"EM은평점","데친 문어",72,708483
2026-01~08-29,2026-06-24,"EM신월점","데친 문어",2,21574
2026-01~08-29,2026-06-24,"EM은평점","갑오징어무침",5,36590
2026-01~08-29,2026-06-24,"EM은평점","데친 문어",70,779082
2026-01~08-29,2026-06-25,"EM신월점","데친 문어",5,37997
2026-01~08-29,2026-06-25,"EM은평점","갑오징어무침",5,36590
2026-01~08-29,2026-06-25,"EM은평점","데친 문어",60,646938
2026-01~08-29,2026-06-26,"EM신월점","데친 문어",5,38882
2026-01~08-29,2026-06-26,"EM은평점","갑오징어무침",7,55618
2026-01~08-29,2026-06-26,"EM은평점","데친 문어",85,811724
2026-01~08-29,2026-06-27,"EM신월점","데친 문어",8,70438
2026-01~08-29,2026-06-27,"EM은평점","갑오징어무침",5,36590
2026-01~08-29,2026-06-27,"EM은평점","데친 문어",151,1565372
2026-01~08-29,2026-06-29,"EM신월점","데친 문어",5,37354
2026-01~08-29,2026-06-30,"EM신월점","데친 문어",2,14329
2026-01~08-29,2026-07-01,"EM신월점","데친 문어",3,21495
2026-01~08-29,2026-07-02,"EM신월점","데친 문어",2,19803
2026-01~08-29,2026-07-02,"EM자양점","갑오징어무침",2,16100
2026-01~08-29,2026-07-02,"EM자양점","데친 문어",54,465291
2026-01~08-29,2026-07-03,"EMF고덕점","데친 문어",11,137421
2026-01~08-29,2026-07-03,"EM신월점","데친 문어",6,45242
2026-01~08-29,2026-07-03,"EM자양점","가자미무침",3,24150
2026-01~08-29,2026-07-03,"EM자양점","갑오징어무침",2,14636
2026-01~08-29,2026-07-03,"EM자양점","데친 문어",57,533603
2026-01~08-29,2026-07-04,"EMF고덕점","데친 문어",34,363798
2026-01~08-29,2026-07-04,"EM신월점","데친 문어",9,77762
2026-01~08-29,2026-07-04,"EM자양점","가자미무침",5,40250
2026-01~08-29,2026-07-04,"EM자양점","갑오징어무침",4,28540
2026-01~08-29,2026-07-04,"EM자양점","데친 문어",71,787211
2026-01~08-29,2026-07-05,"EMF고덕점","데친 문어",37,425257
2026-01~08-29,2026-07-05,"EM신월점","데친 문어",7,61905
2026-01~08-29,2026-07-05,"EM자양점","가자미무침",3,22540
2026-01~08-29,2026-07-05,"EM자양점","갑오징어무침",1,6586
2026-01~08-29,2026-07-05,"EM자양점","데친 문어",79,791252
2026-01~08-29,2026-07-06,"EMF고덕점","데친 문어",4,40911
2026-01~08-29,2026-07-06,"EM신월점","데친 문어",4,28659
2026-01~08-29,2026-07-06,"EM자양점","가자미무침",2,13685
2026-01~08-29,2026-07-06,"EM자양점","갑오징어무침",2,14636
2026-01~08-29,2026-07-06,"EM자양점","데친 문어",37,388267
2026-01~08-29,2026-07-07,"EMF고덕점","데친 문어",5,40588
2026-01~08-29,2026-07-07,"EM신월점","데친 문어",1,7165
2026-01~08-29,2026-07-07,"EM자양점","갑오징어무침",1,6586
2026-01~08-29,2026-07-07,"EM자양점","데친 문어",34,393621
2026-01~08-29,2026-07-08,"EMF고덕점","데친 문어",3,29205
2026-01~08-29,2026-07-08,"EM자양점","갑오징어무침",2,14636
2026-01~08-29,2026-07-08,"EM자양점","데친 문어",69,801097
2026-01~08-29,2026-07-09,"EMF고덕점","데친 문어",3,24262
2026-01~08-29,2026-07-09,"EM자양점","가자미무침",5,40250
2026-01~08-29,2026-07-09,"EM자양점","갑오징어무침",3,21954
2026-01~08-29,2026-07-09,"EM자양점","데친 문어",96,947156
2026-01~08-29,2026-07-10,"EMF고덕점","데친 문어",10,86695
2026-01~08-29,2026-07-10,"EM신월점","데친 문어",1,11109
2026-01~08-29,2026-07-10,"EM자양점","가자미무침",11,88550
2026-01~08-29,2026-07-10,"EM자양점","데친 문어",91,968488
2026-01~08-29,2026-07-11,"EMF고덕점","데친 문어",40,419146
2026-01~08-29,2026-07-11,"EM신월점","데친 문어",1,11109
2026-01~08-29,2026-07-11,"EM자양점","가자미무침",40,322000
2026-01~08-29,2026-07-11,"EM자양점","데친 문어",192,2033599
2026-01~08-29,2026-07-13,"EMF고덕점","데친 문어",8,94459
2026-01~08-29,2026-07-13,"EM자양점","가자미무침",8,74060
2026-01~08-29,2026-07-13,"EM자양점","갑오징어무침",3,21954
2026-01~08-29,2026-07-13,"EM자양점","데친 문어",78,778743
2026-01~08-29,2026-07-14,"EMF고덕점","데친 문어",3,33939
2026-01~08-29,2026-07-14,"EM자양점","가자미무침",21,172270
2026-01~08-29,2026-07-14,"EM자양점","갑오징어무침",5,36590
2026-01~08-29,2026-07-14,"EM자양점","데친 문어",92,990504
2026-01~08-29,2026-07-15,"EMF고덕점","데친 문어",9,87548
2026-01~08-29,2026-07-15,"EM자양점","가자미무침",6,53130
2026-01~08-29,2026-07-15,"EM자양점","갑오징어무침",5,39518
2026-01~08-29,2026-07-15,"EM자양점","데친 문어",75,748009
2026-01~08-29,2026-07-16,"EMF고덕점","데친 문어",7,81206
2026-01~08-29,2026-07-16,"EM자양점","가자미무침",16,127995
2026-01~08-29,2026-07-16,"EM자양점","갑오징어무침",3,21954
2026-01~08-29,2026-07-16,"EM자양점","데친 문어",86,902196
2026-01~08-29,2026-07-17,"EMF고덕점","데친 문어",26,271381
2026-01~08-29,2026-07-17,"EM자양점","가자미무침",20,161000
2026-01~08-29,2026-07-17,"EM자양점","갑오징어무침",8,61471
2026-01~08-29,2026-07-17,"EM자양점","데친 문어",177,1795061
2026-01~08-29,2026-07-18,"EMF고덕점","데친 문어",53,493951
2026-01~08-29,2026-07-18,"EM자양점","가자미무침",14,115920
2026-01~08-29,2026-07-18,"EM자양점","갑오징어무침",7,51226
2026-01~08-29,2026-07-18,"EM자양점","데친 문어",176,1894100
2026-01~08-29,2026-07-19,"EMF고덕점","데친 문어",31,321602
2026-01~08-29,2026-07-19,"EM자양점","가자미무침",19,145705
2026-01~08-29,2026-07-19,"EM자양점","갑오징어무침",5,40835
2026-01~08-29,2026-07-19,"EM자양점","데친 문어",99,1077090
2026-01~08-29,2026-07-20,"EMF고덕점","데친 문어",6,72852
2026-01~08-29,2026-07-21,"EMF고덕점","데친 문어",3,28577
2026-01~08-29,2026-07-22,"EMF고덕점","데친 문어",1,19280
2026-01~08-29,2026-07-23,"EM목동점","가자미무침",13,114310
2026-01~08-29,2026-07-23,"EM목동점","갑오징어무침",3,21222
2026-01~08-29,2026-07-23,"EM목동점","데친 문어",92,1065829
2026-01~08-29,2026-07-24,"EMF고덕점","데친 문어",7,76346
2026-01~08-29,2026-07-24,"EM목동점","가자미무침",10,80500
2026-01~08-29,2026-07-24,"EM목동점","갑오징어무침",2,14636
2026-01~08-29,2026-07-24,"EM목동점","데친 문어",110,1161786
2026-01~08-29,2026-07-25,"EMF고덕점","데친 문어",36,408745
2026-01~08-29,2026-07-25,"EM목동점","가자미무침",16,138460
2026-01~08-29,2026-07-25,"EM목동점","갑오징어무침",7,54154
2026-01~08-29,2026-07-25,"EM목동점","데친 문어",273,2813364
2026-01~08-29,2026-07-27,"EMF고덕점","데친 문어",6,75662
2026-01~08-29,2026-07-27,"EM목동점","가자미무침",8,65205
2026-01~08-29,2026-07-27,"EM목동점","갑오징어무침",2,14636
2026-01~08-29,2026-07-27,"EM목동점","데친 문어",93,1091049
2026-01~08-29,2026-07-28,"EMF고덕점","데친 문어",9,113328
2026-01~08-29,2026-07-28,"EM목동점","가자미무침",14,114310
2026-01~08-29,2026-07-28,"EM목동점","갑오징어무침",2,14636
2026-01~08-29,2026-07-28,"EM목동점","데친 문어",104,1094462
2026-01~08-29,2026-07-29,"EMF고덕점","데친 문어",2,21196
2026-01~08-29,2026-07-29,"EM목동점","가자미무침",6,48300
2026-01~08-29,2026-07-29,"EM목동점","갑오징어무침",3,21954
2026-01~08-29,2026-07-29,"EM목동점","데친 문어",89,886323
2026-01~08-29,2026-07-30,"EMF고덕점","데친 문어",4,48123
2026-01~08-29,2026-07-30,"EM목동점","가자미무침",13,103040
2026-01~08-29,2026-07-30,"EM목동점","갑오징어무침",1,7318
2026-01~08-29,2026-07-30,"EM목동점","데친 문어",121,1439887
2026-01~08-29,2026-07-31,"EMF고덕점","데친 문어",6,108980
2026-01~08-29,2026-07-31,"EM목동점","가자미무침",14,109480
2026-01~08-29,2026-07-31,"EM목동점","갑오징어무침",5,36590
2026-01~08-29,2026-07-31,"EM목동점","데친 문어",153,1598780
2026-01~08-29,2026-08-01,"EMF고덕점","데친 문어",20,269118
2026-01~08-29,2026-08-01,"EM목동점","가자미무침",16,128800
2026-01~08-29,2026-08-01,"EM목동점","갑오징어무침",6,43908
2026-01~08-29,2026-08-01,"EM목동점","데친 문어",238,2435070
2026-01~08-29,2026-08-02,"EMF고덕점","데친 문어",32,301307
2026-01~08-29,2026-08-02,"EM목동점","가자미무침",22,180320
2026-01~08-29,2026-08-02,"EM목동점","갑오징어무침",5,36590
2026-01~08-29,2026-08-02,"EM목동점","데친 문어",185,1816959
2026-01~08-29,2026-08-03,"EMF고덕점","데친 문어",1,9636
2026-01~08-29,2026-08-03,"EM목동점","가자미무침",6,49910
2026-01~08-29,2026-08-03,"EM목동점","갑오징어무침",4,30736
2026-01~08-29,2026-08-03,"EM목동점","데친 문어",84,796653
2026-01~08-29,2026-08-04,"EMF고덕점","데친 문어",2,18370
2026-01~08-29,2026-08-04,"EM목동점","가자미무침",19,152145
2026-01~08-29,2026-08-04,"EM목동점","갑오징어무침",4,29272
2026-01~08-29,2026-08-04,"EM목동점","데친 문어",88,884695
2026-01~08-29,2026-08-05,"EMF고덕점","데친 문어",2,42013
2026-01~08-29,2026-08-05,"EM목동점","가자미무침",9,72450
2026-01~08-29,2026-08-05,"EM목동점","갑오징어무침",5,38054
2026-01~08-29,2026-08-05,"EM목동점","데친 문어",66,675518
2026-01~08-29,2026-08-06,"EMF고덕점","데친 문어",2,38028
2026-01~08-29,2026-08-06,"EM목동점","가자미무침",16,126385
2026-01~08-29,2026-08-06,"EM목동점","갑오징어무침",1,7318
2026-01~08-29,2026-08-06,"EM목동점","데친 문어",84,942832
2026-01~08-29,2026-08-07,"EMF고덕점","데친 문어",5,76265
2026-01~08-29,2026-08-07,"EM목동점","가자미무침",21,172270
2026-01~08-29,2026-08-07,"EM목동점","갑오징어무침",3,21954
2026-01~08-29,2026-08-07,"EM목동점","데친 문어",120,1300728
2026-01~08-29,2026-08-08,"EMF고덕점","데친 문어",34,333030
2026-01~08-29,2026-08-08,"EM목동점","가자미무침",28,224595
2026-01~08-29,2026-08-08,"EM목동점","갑오징어무침",5,36590
2026-01~08-29,2026-08-08,"EM목동점","데친 문어",196,2004130
2026-01~08-29,2026-08-10,"EMF고덕점","데친 문어",8,112595
2026-01~08-29,2026-08-11,"EMF고덕점","데친 문어",4,56592
2026-01~08-29,2026-08-12,"EMF고덕점","데친 문어",2,37738
2026-01~08-29,2026-08-13,"EMF고덕점","데친 문어",2,23554
2026-01~08-29,2026-08-13,"EM은평점","가자미무침",9,71645
2026-01~08-29,2026-08-13,"EM은평점","갑오징어무침",5,36590
2026-01~08-29,2026-08-13,"EM은평점","데친 문어",83,1008456
2026-01~08-29,2026-08-14,"EMF고덕점","데친 문어",15,166158
2026-01~08-29,2026-08-14,"EM은평점","가자미무침",8,89355
2026-01~08-29,2026-08-14,"EM은평점","갑오징어무침",6,43909
2026-01~08-29,2026-08-14,"EM은평점","데친 문어",125,1295085
2026-01~08-29,2026-08-15,"EMF고덕점","데친 문어",54,485026
2026-01~08-29,2026-08-15,"EM은평점","가자미무침",17,136045
2026-01~08-29,2026-08-15,"EM은평점","갑오징어무침",4,29272
2026-01~08-29,2026-08-15,"EM은평점","데친 문어",130,1487255
2026-01~08-29,2026-08-16,"EMF고덕점","데친 문어",43,383588
2026-01~08-29,2026-08-16,"EM은평점","가자미무침",14,112700
2026-01~08-29,2026-08-16,"EM은평점","갑오징어무침",5,36590
2026-01~08-29,2026-08-16,"EM은평점","데친 문어",155,1593529
2026-01~08-29,2026-08-17,"EMF고덕점","데친 문어",24,201642
2026-01~08-29,2026-08-17,"EM은평점","가자미무침",10,78890
2026-01~08-29,2026-08-17,"EM은평점","갑오징어무침",4,29272
2026-01~08-29,2026-08-17,"EM은평점","데친 문어",112,1111504
2026-01~08-29,2026-08-18,"EMF고덕점","데친 문어",7,55867
2026-01~08-29,2026-08-18,"EM은평점","가자미무침",8,62790
2026-01~08-29,2026-08-18,"EM은평점","갑오징어무침",2,13172
2026-01~08-29,2026-08-18,"EM은평점","데친 문어",34,315383
2026-01~08-29,2026-08-19,"EMF고덕점","데친 문어",2,42142
2026-01~08-29,2026-08-19,"EM은평점","가자미무침",9,72450
2026-01~08-29,2026-08-19,"EM은평점","데친 문어",66,652855
2026-01~08-29,2026-08-20,"EMF고덕점","데친 문어",1,21574
2026-01~08-29,2026-08-20,"EM은평점","가자미무침",10,78890
2026-01~08-29,2026-08-20,"EM은평점","갑오징어무침",3,21954
2026-01~08-29,2026-08-20,"EM은평점","데친 문어",37,318780
2026-01~08-29,2026-08-21,"EMF고덕점","데친 문어",1,18579
2026-01~08-29,2026-08-21,"EM은평점","가자미무침",9,72450
2026-01~08-29,2026-08-21,"EM은평점","데친 문어",75,670380
2026-01~08-29,2026-08-22,"EMF고덕점","데친 문어",17,132504
2026-01~08-29,2026-08-22,"EM은평점","가자미무침",16,127190
2026-01~08-29,2026-08-22,"EM은평점","갑오징어무침",3,21954
2026-01~08-29,2026-08-22,"EM은평점","데친 문어",115,1100338
2026-01~08-29,2026-08-24,"EMF고덕점","데친 문어",1,11359
2026-01~08-29,2026-08-24,"EM은평점","가자미무침",9,71645
2026-01~08-29,2026-08-24,"EM은평점","데친 문어",80,692300
2026-01~08-29,2026-08-25,"EMF고덕점","데친 문어",2,34084
2026-01~08-29,2026-08-25,"EM은평점","가자미무침",7,56350
2026-01~08-29,2026-08-25,"EM은평점","갑오징어무침",2,14636
2026-01~08-29,2026-08-25,"EM은평점","데친 문어",60,526156
2026-01~08-29,2026-08-26,"EMF고덕점","데친 문어",3,46022
2026-01~08-29,2026-08-26,"EM은평점","가자미무침",8,63595
2026-01~08-29,2026-08-26,"EM은평점","데친 문어",61,658088
2026-01~08-29,2026-08-27,"EMF고덕점","데친 문어",3,59900
2026-01~08-29,2026-08-27,"EM은평점","가자미무침",5,40250
2026-01~08-29,2026-08-27,"EM은평점","갑오징어무침",1,7318
2026-01~08-29,2026-08-27,"EM은평점","데친 문어",52,478106
2026-01~08-29,2026-08-28,"EMF고덕점","데친 문어",1,20342
2026-01~08-29,2026-08-28,"EM은평점","가자미무침",7,56350
2026-01~08-29,2026-08-28,"EM은평점","갑오징어무침",3,21954
2026-01~08-29,2026-08-28,"EM은평점","데친 문어",66,665735
2026-01~08-29,2026-08-29,"EMF고덕점","데친 문어",24,260514
2026-01~08-29,2026-08-29,"EM은평점","가자미무침",10,80500
2026-01~08-29,2026-08-29,"EM은평점","갑오징어무침",1,7318
2026-01~08-29,2026-08-29,"EM은평점","데친 문어",142,1389430
